,name,github_id,description,category,github_url,homepage,license,created_at,updated_at,last_commit_pushed_at,commit_count,recent_commit_count,fork_count,watchers_count,pr_count,open_issue_count,closed_issue_count,star_count,latest_stable_release_published_at,latest_stable_release_number,release_count,dependent_project_count,github_dependent_project_count,contributor_count,projectrank,show,projectrank_placing,github_release_downloads,monthly_downloads,labels,trending
0,devenv,cachix/devenv,A Nix-based tool for creating developer shell environments quickly and reproducibly.,development,https://github.com/cachix/devenv,https://github.com/cachix/devenv,Apache-2.0,2022-10-22 20:10:10,2025-05-15 13:58:47,2025-05-15 10:45:16,3708,372.0,378.0,27,943.0,358.0,584.0,5143,2025-05-08 12:29:24,1.6.1,30.0,284.0,284.0,213.0,30,True,1,,,,
1,Devbox,jetify-com/devbox,"Instant, portable, and predictable development environments.",development,https://github.com/jetify-com/devbox,https://github.com/jetify-com/devbox,Apache-2.0,2022-08-18 20:27:16,2025-05-15 09:22:55,2025-05-08 23:25:10,1658,35.0,241.0,44,1868.0,352.0,392.0,9812,2025-04-17 20:04:32,0.14.2,100.0,,,86.0,28,True,1,1048740.0,49940.0,,
2,Home Manager,nix-community/home-manager,Manage your user configuration just like NixOS.,nixos-modules,https://github.com/nix-community/home-manager,https://github.com/nix-community/home-manager,MIT,2017-01-14 12:11:06,2025-05-15 18:08:11,2025-05-15 18:07:13,4747,604.0,1999.0,52,4446.0,700.0,1915.0,8036,,,,,,1280.0,26,True,1,,,,
3,nix-installer,DeterminateSystems/nix-installer,Opinionated alternative to the official Nix install scripts.,installation-media,https://github.com/DeterminateSystems/nix-installer,https://github.com/DeterminateSystems/nix-installer,LGPL-2.1,2022-09-02 19:10:48,2025-05-13 01:02:20,2025-05-13 01:02:17,733,36.0,71.0,15,768.0,313.0,469.0,2824,2025-05-13 01:02:20,3.5.2,73.0,3.0,3.0,30.0,24,True,1,887004.0,31678.0,,
4,haskell.nix,input-output-hk/haskell.nix,Alternative Haskell Infrastructure for Nixpkgs.,programming-languages,https://github.com/input-output-hk/haskell.nix,https://github.com/input-output-hk/haskell.nix,Apache-2.0,2018-04-20 16:00:09,2025-05-15 09:09:41,2025-05-15 04:51:13,3784,113.0,236.0,19,1417.0,174.0,766.0,588,2025-04-18 13:11:11,nix-tools-0.3.2,12.0,,,156.0,24,True,1,12194.0,871.0,['haskell'],
5,NixOS-WSL,nix-community/NixOS-WSL,Modules for running NixOS on the Windows Subsystem for Linux.,nixos-modules,https://github.com/nix-community/NixOS-WSL,https://github.com/nix-community/NixOS-WSL,Apache-2.0,2019-12-07 22:29:47,2025-05-05 14:04:05,2025-05-05 13:59:12,586,24.0,141.0,30,374.0,36.0,188.0,2239,2025-02-14 23:50:00,2411.6.0,9.0,,,40.0,23,True,1,51073.0,1001.0,,
6,NUR,nix-community/NUR,Nix User Repositories.,overlays,https://github.com/nix-community/NUR,https://github.com/nix-community/NUR,MIT,2018-02-28 18:49:50,2025-05-15 15:52:35,2025-05-15 15:49:08,31504,1912.0,373.0,18,769.0,26.0,92.0,1479,,,,,,476.0,23,True,1,,,,
7,nix-darwin,nix-darwin/nix-darwin,Manage macOS configuration just like on NixOS.,nixos-modules,https://github.com/nix-darwin/nix-darwin,https://github.com/nix-darwin/nix-darwin,MIT,2016-10-16 14:26:46,2025-05-15 08:28:22,2025-05-15 08:28:21,2150,72.0,509.0,35,765.0,240.0,440.0,3960,,,,,,245.0,22,True,2,,,,
8,NixVim,nix-community/nixvim,A NeoVim distribution built with Nix modules and Nixpkgs.,nixos-modules,https://github.com/nix-community/nixvim,https://github.com/nix-community/nixvim,MIT,2020-12-30 01:08:04,2025-05-15 18:17:21,2025-05-14 12:16:07,3318,379.0,327.0,13,2376.0,113.0,649.0,2171,,,,,,226.0,22,True,2,,,,
9,alejandra,kamadorueda/alejandra,An opinionated Nix code formatter optimized for speed and consistency.,command-line-tools,https://github.com/kamadorueda/alejandra,https://github.com/kamadorueda/alejandra,Unlicense,2022-01-26 22:52:25,2025-04-11 19:40:26,2025-04-11 19:38:48,563,13.0,45.0,7,309.0,54.0,97.0,1084,2025-04-10 22:34:11,4.0.0,19.0,10.0,10.0,24.0,22,True,1,23741.0,608.0,,
10,poetry2nix,nix-community/poetry2nix,Build Python packages directly from Poetrys `poetry.lock` files.,programming-languages,https://github.com/nix-community/poetry2nix,https://github.com/nix-community/poetry2nix,MIT,2019-06-17 15:26:38,2025-04-03 14:27:04,2025-04-03 14:27:04,3486,18.0,448.0,9,1407.0,170.0,322.0,924,2025-03-19 15:29:55,2025.3.1955794,100.0,,,333.0,22,True,1,,,['python'],
11,nix-bitcoin,fort-nix/nix-bitcoin,Modules and packages for Bitcoin nodes with higher-layer protocols with an emphasis on security.,nixos-modules,https://github.com/fort-nix/nix-bitcoin,https://github.com/fort-nix/nix-bitcoin,MIT,2018-12-06 16:06:42,2025-05-14 10:18:03,2025-05-14 10:17:56,2105,13.0,108.0,21,565.0,31.0,168.0,557,2025-05-09 14:43:40,0.0.122,100.0,,,31.0,22,True,2,7770.0,143.0,,
12,update-flake-lock,DeterminateSystems/update-flake-lock,This is a GitHub Action that updates the flake.lock file for your Nix flake whenever it is run.,github-actions,https://github.com/DeterminateSystems/update-flake-lock,https://github.com/DeterminateSystems/update-flake-lock,MIT,2021-10-18 18:39:57,2025-05-15 18:02:51,2025-05-13 13:32:50,224,65.0,35.0,5,136.0,20.0,28.0,303,2024-09-09 16:48:08,24,24.0,2784.0,2784.0,26.0,22,True,1,,,,
13,nix-installer-action,DeterminateSystems/nix-installer-action,"The fast, friendly, and reliable GitHub Action to install Nix with Flakes.",github-actions,https://github.com/DeterminateSystems/nix-installer-action,https://github.com/DeterminateSystems/nix-installer-action,LGPL-2.1,2023-01-13 18:03:12,2025-05-13 21:34:39,2025-05-13 21:34:37,318,52.0,22.0,4,142.0,13.0,25.0,200,2025-04-24 11:12:44,17,17.0,6295.0,6295.0,14.0,22,True,1,,,,
14,flox,flox/flox,"Manage and share development environments, package projects, and publish artifacts anywhere.",development,https://github.com/flox/flox,https://github.com/flox/flox,GPL-2.0,2022-12-22 15:52:43,2025-05-15 15:00:18,2025-05-15 14:30:00,2942,438.0,84.0,19,1801.0,294.0,976.0,3191,2025-05-14 14:21:16,1.4.2,40.0,,,46.0,21,True,1,19.0,0.0,,
15,nvf,notashelf/nvf,"Highly modular, configurable, extensible and easy to use Neovim configuration in Nix.",nixos-modules,https://github.com/NotAShelf/nvf,https://github.com/NotAShelf/nvf,MIT,2023-02-01 17:13:58,2025-05-15 13:16:52,2025-05-13 11:53:39,2213,361.0,111.0,7,582.0,46.0,207.0,827,2024-12-04 14:22:01,0.7,6.0,,,72.0,21,True,3,,,,
16,treefmt,numtide/treefmt,"One CLI to format the code tree, using formatters such as alejandra, prettier, etc.",command-line-tools,https://github.com/numtide/treefmt,https://github.com/numtide/treefmt,MIT,2020-12-18 10:30:54,2025-05-13 08:17:48,2025-05-13 08:17:46,689,84.0,43.0,13,385.0,45.0,144.0,736,2025-04-08 08:10:38,2.2.1,26.0,8.0,8.0,20.0,21,True,1,12681.0,264.0,,
17,nix-direnv,nix-community/nix-direnv,A fast loader and flake-compliant configuration for the direnv environment auto-loader.,development,https://github.com/nix-community/nix-direnv,https://github.com/nix-community/nix-direnv,MIT,2019-09-27 07:43:47,2025-05-15 00:32:01,2025-05-12 14:22:25,946,24.0,115.0,15,372.0,6.0,200.0,2165,2025-05-09 15:21:02,3.0.7,37.0,,,74.0,20,True,1,,,,
18,nixos-anywhere,nix-community/nixos-anywhere,Install NixOS everywhere via SSH.,installation-media,https://github.com/nix-community/nixos-anywhere,https://github.com/nix-community/nixos-anywhere,MIT,2022-11-09 12:36:38,2025-05-11 03:17:58,2025-05-08 14:04:52,726,65.0,147.0,16,336.0,61.0,118.0,2121,2025-04-15 15:16:51,1.9.0,12.0,,,74.0,20,True,2,,,,
19,Stylix,danth/stylix,System-wide colorscheming and typography for NixOS.,nixos-modules,https://github.com/danth/stylix,https://github.com/danth/stylix,MIT,2020-12-21 15:50:00,2025-05-15 02:43:53,2025-05-15 02:43:53,822,241.0,214.0,12,723.0,158.0,321.0,1612,,,,,,136.0,20,True,3,,,,
20,nixfmt,NixOS/nixfmt,"A formatter for Nix code, intended to easily apply a uniform style.",command-line-tools,https://github.com/NixOS/nixfmt,https://github.com/NixOS/nixfmt,MPL-2.0,2018-08-02 12:33:51,2025-05-13 19:47:21,2025-05-13 19:47:20,568,29.0,55.0,33,145.0,27.0,132.0,1134,2023-10-31 21:53:05,0.6.0,6.0,,,30.0,20,True,1,3819.0,54.0,,
21,Athena,Athena-OS/athena,Arch/Nix-based distro focused on Cybersecurity.,distributions,https://github.com/Athena-OS/athena,https://github.com/Athena-OS/athena,MIT,2022-06-14 21:39:15,2025-05-07 11:22:59,2025-05-07 11:22:53,498,79.0,87.0,31,18.0,11.0,129.0,1119,2024-01-30 23:39:23,23.11,13.0,,,5.0,20,True,1,7014.0,200.0,,
22,magic-nix-cache-action,DeterminateSystems/magic-nix-cache-action,"Save 30-50%+ of CI time without any effort or cost. Use Magic Nix Cache, a totally free and zero-configuration binary..",github-actions,https://github.com/DeterminateSystems/magic-nix-cache-action,https://github.com/DeterminateSystems/magic-nix-cache-action,MIT,2023-06-23 16:48:28,2025-05-15 17:30:10,2025-05-12 10:14:31,281,19.0,20.0,7,98.0,19.0,11.0,433,2025-01-21 17:57:00,9,9.0,4535.0,4535.0,12.0,20,True,3,,,,
23,NixOS & Flakes Book,ryan4yin/nixos-and-flakes-book,An unofficial and opinionated NixOS & Flakes book for beginners.,learning,https://github.com/ryan4yin/nixos-and-flakes-book,https://github.com/ryan4yin/nixos-and-flakes-book,CC-BY-SA-4.0,2023-06-23 05:59:01,2025-05-05 06:35:11,2025-05-05 06:30:41,591,8.0,117.0,16,126.0,9.0,37.0,2467,2024-12-10 13:48:14,0.4.5,33.0,,,72.0,19,True,1,1245.0,59.0,,
24,nixd,nix-community/nixd,"Nix language server, based on Nix libraries.",development,https://github.com/nix-community/nixd,https://github.com/nix-community/nixd,LGPL-3.0,2023-05-10 08:41:17,2025-05-11 13:17:29,2025-05-11 09:27:47,1294,24.0,36.0,7,450.0,44.0,195.0,1070,2025-05-09 18:54:40,2.6.4,27.0,,,40.0,19,True,2,,,,
25,crane,ipetkov/crane,A Nix library for building Cargo projects with incremental artifact caching.,programming-languages,https://github.com/ipetkov/crane,https://github.com/ipetkov/crane,MIT,2022-01-16 04:23:52,2025-05-14 22:21:47,2025-05-14 22:03:24,734,36.0,104.0,5,444.0,18.0,252.0,1063,2025-04-24 00:35:50,0.20.3,52.0,,,57.0,19,True,1,,,['rust'],
26,lorri,nix-community/lorri,A much better `nix-shell` for development that augments direnv.,development,https://github.com/nix-community/lorri,https://github.com/nix-community/lorri,Apache-2.0,2021-01-24 15:10:38,2025-04-19 22:07:58,2025-03-26 18:44:46,1144,91.0,25.0,9,86.0,20.0,50.0,782,2024-08-16 16:11:14,1.7.1,7.0,,,59.0,19,True,2,,,,
27,nix-update,Mic92/nix-update,Update versions/source hashes of nix packages.,development,https://github.com/Mic92/nix-update,https://github.com/Mic92/nix-update,MIT,2020-03-05 11:31:09,2025-05-15 17:01:23,2025-05-07 13:25:51,656,77.0,67.0,10,273.0,33.0,74.0,599,2025-04-04 13:59:20,1.11.0,43.0,,,53.0,19,True,2,,,,
28,emacs-overlay,nix-community/emacs-overlay,Bleeding edge Emacs overlay.,overlays,https://github.com/nix-community/emacs-overlay,https://github.com/nix-community/emacs-overlay,,2018-12-28 10:46:06,2025-05-15 17:35:16,2025-05-15 17:35:16,16223,793.0,168.0,9,199.0,10.0,274.0,555,,,,,,79.0,19,True,2,,,,
29,services-flake,juspay/services-flake,A NixOS-like service configuration framework for Nix flakes.,development,https://github.com/juspay/services-flake,https://github.com/juspay/services-flake,MIT,2023-06-19 21:44:26,2025-05-11 00:28:09,2025-05-06 06:53:07,523,50.0,41.0,12,392.0,30.0,86.0,497,2024-12-10 12:11:02,0.4.0,4.0,,,27.0,19,True,2,,,,
30,NixOps,NixOS/nixops,"The official Nix deployment tool, compatible with AWS, Hetzner, and more.",deployment-tools,https://github.com/NixOS/nixops,https://github.com/NixOS/nixops,LGPL-3.0,2011-10-24 15:49:58,2025-02-12 08:16:03,2025-02-12 08:16:03,3601,,351.0,58,608.0,311.0,545.0,1969,,,,,,159.0,18,True,1,,,,
31,Colmena,zhaofengli/colmena,"A simple, stateless NixOS deployment tool modeled after NixOps and morph.",deployment-tools,https://github.com/zhaofengli/colmena,https://github.com/zhaofengli/colmena,MIT,2020-12-16 04:21:43,2025-05-12 14:19:47,2025-05-09 18:52:49,596,25.0,80.0,14,88.0,109.0,89.0,1530,2023-05-15 05:17:28,0.4.0,7.0,,,33.0,18,True,1,,,,
32,rust-overlay,oxalica/rust-overlay,Pure and reproducible nix overlay of binary distributed Rust toolchains.,programming-languages,https://github.com/oxalica/rust-overlay,https://github.com/oxalica/rust-overlay,MIT,2021-01-01 12:18:06,2025-05-15 18:12:43,2025-05-15 18:06:51,1786,96.0,68.0,9,69.0,11.0,140.0,1126,,,,,,25.0,18,True,1,,,['rust'],
33,digga,divnix/digga,"A Nix flake utility library to structure your home, system, and development configurations.",development,https://github.com/divnix/digga,https://github.com/divnix/digga,MIT,2019-11-12 22:28:16,2024-05-17 10:20:04,2024-05-17 10:19:41,1358,,105.0,24,248.0,28.0,172.0,1012,2022-04-02 22:16:50,0.11.0,4.0,,,52.0,18,True,2,,,,
34,mobile-nixos,mobile-nixos/mobile-nixos,NixOS for mobile devices like phones.,distributions,https://github.com/mobile-nixos/mobile-nixos,https://github.com/mobile-nixos/mobile-nixos,MIT,2018-06-10 01:00:58,2025-04-05 00:20:05,2025-04-05 00:20:05,3056,4.0,187.0,49,513.0,137.0,151.0,1000,,,,,,48.0,18,True,2,,,,
35,nixpkgs-wayland,nix-community/nixpkgs-wayland,Bleeding-edge Wayland packages.,overlays,https://github.com/nix-community/nixpkgs-wayland,https://github.com/nix-community/nixpkgs-wayland,,2018-10-24 01:30:44,2025-05-15 14:04:00,2025-05-15 13:32:32,10192,300.0,44.0,7,244.0,45.0,185.0,555,,,,,,33.0,18,True,2,,,,
36,nixpkgs-review,Mic92/nixpkgs-review,The best tool to verify that a pull-request in Nixpkgs is building properly.,development,https://github.com/Mic92/nixpkgs-review,https://github.com/Mic92/nixpkgs-review,MIT,2018-03-17 13:30:00,2025-05-10 07:01:06,2025-05-10 07:01:05,790,31.0,71.0,10,297.0,68.0,125.0,487,2025-03-24 12:16:01,3.2.0,36.0,,,60.0,18,True,2,,,,
37,chaotic-nyx,chaotic-cx/nyx,Daily bumped bleeding edge packages like `mesa_git` & others that arent yet in Nixpkgs. Created by the makers of..,overlays,https://github.com/chaotic-cx/nyx,https://github.com/chaotic-cx/nyx,MIT,2023-03-27 20:33:14,2025-05-15 16:27:48,2025-05-15 16:27:46,1962,283.0,48.0,4,966.0,12.0,71.0,462,,,,,,40.0,18,True,2,,,,
38,nix-eval-jobs,nix-community/nix-eval-jobs,Evaluate Nix CI jobs locally without building them.,command-line-tools,https://github.com/nix-community/nix-eval-jobs,https://github.com/nix-community/nix-eval-jobs,GPL-3.0,2021-03-15 04:53:42,2025-04-11 11:49:29,2025-04-11 11:46:04,788,43.0,33.0,7,328.0,17.0,23.0,183,2025-04-11 11:49:29,2.28.1,32.0,,,24.0,18,True,2,,,,
39,hlissner/dotfiles,hlissner/dotfiles,A comprehensive NixOS configuration example with detailed module structure.,learning,https://github.com/hlissner/dotfiles,https://github.com/hlissner/dotfiles,MIT,2013-03-01 08:33:14,2025-05-14 17:05:48,2025-05-14 17:05:11,2621,38.0,100.0,42,10.0,4.0,25.0,1773,,,,,,7.0,17,True,1,,,,
40,morph,DBCDK/morph,A tool for managing existing NixOS hosts.,deployment-tools,https://github.com/DBCDK/morph,https://github.com/DBCDK/morph,MIT,2018-09-24 08:05:12,2025-05-13 11:00:51,2025-05-13 10:12:35,400,7.0,65.0,27,148.0,56.0,57.0,916,2024-10-23 08:41:20,1.8.0,10.0,,,32.0,17,True,2,,,,
41,pre-commit-hooks.nix,cachix/git-hooks.nix,Seamless integration of git hooks with Nix.,development,https://github.com/cachix/git-hooks.nix,https://github.com/cachix/git-hooks.nix,Apache-2.0,2019-08-16 13:01:11,2025-05-06 13:13:51,2025-05-06 13:13:51,1024,46.0,173.0,5,420.0,48.0,121.0,635,,,,,,129.0,17,True,2,,,,
42,Makes,fluidattacks/makes,"A Nix-based CI/CD pipeline framework for building, testing, and releasing projects in any language, from anywhere.",devops,https://github.com/fluidattacks/makes,https://github.com/fluidattacks/makes,MIT,2021-06-21 17:03:36,2025-04-28 23:01:25,2025-04-28 22:59:45,1430,4.0,46.0,9,999.0,25.0,407.0,486,2024-08-12 19:34:11,24.09,25.0,,,28.0,17,True,1,161.0,3.0,,
43,nix-fast-build,Mic92/nix-fast-build,Combine the power of nix-eval-jobs with nix-output-monitor to speed-up your evaluation and building process.,development,https://github.com/Mic92/nix-fast-build,https://github.com/Mic92/nix-fast-build,MIT,2023-09-08 08:11:43,2025-05-15 18:15:15,2025-05-15 18:15:14,233,72.0,17.0,5,126.0,9.0,24.0,324,2025-01-11 10:42:31,1.1.0,2.0,,,9.0,17,True,2,,,,
44,npins,andir/npins,A simple tool for handling different types of dependencies in a Nix project.,development,https://github.com/andir/npins,https://github.com/andir/npins,EUPL-1.2,2021-07-31 15:30:32,2025-05-11 15:23:55,2025-05-11 15:23:54,275,73.0,26.0,11,95.0,16.0,31.0,323,2025-05-07 19:11:03,0.3.1,6.0,,,18.0,17,True,2,,,,
45,nixos-generators,nix-community/nixos-generators,"Take a NixOS config and build multiple different images types including VirtualBox VMs, Azure images, and installation..",installation-media,https://github.com/nix-community/nixos-generators,https://github.com/nix-community/nixos-generators,MIT,2018-04-28 10:16:02,2025-05-15 01:00:10,2025-03-21 14:40:34,481,7.0,145.0,27,266.0,81.0,87.0,2096,,,,,,68.0,16,True,2,,,,
46,microvm,astro/microvm.nix,NixOS-based MicroVMs.,virtualisation,https://github.com/astro/microvm.nix,https://github.com/astro/microvm.nix,MIT,2021-06-24 00:35:04,2025-05-12 02:24:12,2025-05-12 02:23:01,915,30.0,123.0,17,184.0,41.0,131.0,1676,,,,,,57.0,16,True,1,,,,
47,nil,oxalica/nil,"NIx Language server, an incremental analysis assistent for writing in Nix.",development,https://github.com/oxalica/nil,https://github.com/oxalica/nil,Apache-2.0,2022-07-19 08:55:08,2025-03-04 20:07:25,2025-03-04 20:07:23,523,6.0,46.0,9,55.0,34.0,77.0,1539,2024-08-06 12:53:09,2024-08-06,16.0,,,25.0,16,True,2,,,,
48,nh,nix-community/nh,Better output for `nix` `nixos-rebuild` and home-manger CLI using `nvd` and `nix-output-monitor`.,command-line-tools,https://github.com/nix-community/nh,https://github.com/nix-community/nh,EUPL-1.2,2022-02-08 19:42:42,2025-05-11 11:34:22,2025-05-10 15:06:40,507,81.0,49.0,10,104.0,29.0,148.0,1458,,,,1.0,1.0,25.0,16,True,2,,,,
49,devshell,numtide/devshell,`mkShell` with extra bits and a toml config option to be able to onboard non-nix users.,development,https://github.com/numtide/devshell,https://github.com/numtide/devshell,MIT,2020-08-04 20:29:01,2025-03-17 10:38:59,2025-03-08 22:32:38,345,6.0,90.0,26,193.0,68.0,70.0,1365,,,,,,40.0,16,True,2,,,,
50,comma,nix-community/comma,Quickly run any binary; wraps together `nix run` and `nix-index`.,command-line-tools,https://github.com/nix-community/comma,https://github.com/nix-community/comma,MIT,2020-04-28 22:00:21,2025-03-19 19:12:48,2025-03-19 19:12:40,145,2.0,53.0,54,57.0,10.0,31.0,1238,2024-09-18 17:38:33,1.9.0,16.0,,,21.0,16,True,2,,,,
51,dream2nix,nix-community/dream2nix,A framework for automatically converting packages from other build systems to Nix.,development,https://github.com/nix-community/dream2nix,https://github.com/nix-community/dream2nix,MIT,2021-09-03 15:30:51,2025-05-13 18:40:17,2024-12-25 21:04:44,2392,,138.0,16,787.0,175.0,121.0,1120,,,,,,70.0,16,True,2,,,,
52,nix-init,nix-community/nix-init,"Generate Nix packages from URLs with hash prefetching, dependency inference, license detection, and more.",command-line-tools,https://github.com/nix-community/nix-init,https://github.com/nix-community/nix-init,MPL-2.0,2023-01-18 19:45:48,2025-05-05 09:09:39,2025-05-04 06:51:38,1074,22.0,27.0,6,577.0,29.0,27.0,1053,2024-08-16 05:45:38,0.3.1,10.0,1.0,1.0,12.0,16,True,2,,,,
53,fenix,nix-community/fenix,Rust toolchains and Rust analyzer nightly for nix.,programming-languages,https://github.com/nix-community/fenix,https://github.com/nix-community/fenix,MPL-2.0,2021-01-02 22:51:56,2025-05-15 06:44:46,2025-05-15 06:37:37,2262,92.0,57.0,9,102.0,33.0,53.0,801,,,,,,20.0,16,True,2,,,['rust'],
54,comin,nlewo/comin,A deployment tool to continuously pull from Git repositories.,deployment-tools,https://github.com/nlewo/comin,https://github.com/nlewo/comin,MIT,2022-12-10 09:13:26,2025-04-21 13:00:16,2025-04-21 12:59:50,246,14.0,24.0,7,44.0,26.0,15.0,620,2025-03-29 10:53:08,0.6.0,6.0,,,11.0,16,True,2,,,,
55,node2nix,svanderburg/node2nix,Generate Nix expression from a `package.json` (or `package-lock.json`) (to be stored as files).,programming-languages,https://github.com/svanderburg/node2nix,https://github.com/svanderburg/node2nix,MIT,2014-09-18 20:32:04,2024-11-18 23:19:58,2023-01-12 19:28:09,277,,98.0,8,91.0,118.0,128.0,545,2022-04-20 14:28:23,node2nix-1.11.0,16.0,13.0,13.0,50.0,16,False,2,,,,
56,cargo2nix,cargo2nix/cargo2nix,"Granular caching, development shell, Nix & Rust integration.",programming-languages,https://github.com/cargo2nix/cargo2nix,https://github.com/cargo2nix/cargo2nix,MIT,2019-05-13 03:27:27,2025-04-12 20:50:58,2025-03-23 18:49:53,636,3.0,80.0,12,216.0,62.0,118.0,418,2022-05-14 16:19:46,0.11.0,14.0,,,40.0,16,True,2,,,['rust'],
57,cabal2nix,NixOS/cabal2nix,Converts a Cabal file into a Nix build expression.,programming-languages,https://github.com/NixOS/cabal2nix,https://github.com/NixOS/cabal2nix,,2011-08-05 15:31:37,2025-05-10 10:12:10,2025-05-10 10:08:53,2587,28.0,153.0,15,329.0,77.0,246.0,369,,,,,,130.0,16,True,2,,,,
58,nix-cargo-integration,yusdacra/nix-cargo-integration,A library that allows easy and effortless integration for Cargo projects.,programming-languages,https://github.com/yusdacra/nix-cargo-integration,https://github.com/yusdacra/nix-cargo-integration,MIT,2021-04-10 22:16:35,2025-05-15 06:18:46,2025-05-15 06:18:45,2155,89.0,24.0,4,74.0,2.0,83.0,194,,,,,,14.0,16,True,2,,,['rust'],
59,haskell-flake,srid/haskell-flake,A `flake-parts` Nix module for Haskell development.,programming-languages,https://github.com/srid/haskell-flake,https://github.com/srid/haskell-flake,MIT,2022-05-30 13:01:57,2025-05-11 04:33:47,2025-05-11 04:33:47,432,21.0,23.0,9,247.0,34.0,86.0,183,2024-06-24 17:17:26,0.5.0,5.0,,,15.0,16,True,2,,,['haskell'],
60,Nixery,tazjin/nixery,A Docker-compatible container registry which builds images ad-hoc via Nix.,deployment-tools,https://github.com/tazjin/nixery,https://github.com/tazjin/nixery,Apache-2.0,2019-07-29 19:39:48,2025-04-20 11:52:03,2025-04-20 11:46:53,249,1.0,70.0,28,92.0,32.0,47.0,1879,,,,4.0,4.0,11.0,15,True,2,,,,
61,flake-utils,numtide/flake-utils,Pure Nix flake utility functions to help with writing flakes.,development,https://github.com/numtide/flake-utils,https://github.com/numtide/flake-utils,MIT,2020-04-11 13:21:34,2024-11-13 21:27:18,2024-11-13 21:27:16,102,,80.0,21,81.0,16.0,24.0,1360,2022-05-21 09:05:05,1.0.0,1.0,,,28.0,15,True,3,,,,
62,nix-output-monitor,maralorn/nix-output-monitor,A tool to produce useful graphs and statistics when building derivations.,command-line-tools,https://github.com/maralorn/nix-output-monitor,https://github.com/maralorn/nix-output-monitor,AGPL-3.0,2020-10-03 14:25:34,2025-04-06 22:38:06,2025-04-06 22:37:46,520,15.0,31.0,11,32.0,75.0,80.0,1100,2022-10-15 10:21:00,2.0.0.0,18.0,,,16.0,15,True,2,,,,
63,Zero to Nix,DeterminateSystems/zero-to-nix,"A beginners guide to Nix, providing step-by-step tutorials and explanations.",learning,https://github.com/DeterminateSystems/zero-to-nix,https://github.com/DeterminateSystems/zero-to-nix,,2022-11-07 18:38:33,2025-04-30 19:47:59,2025-04-30 19:47:58,1468,90.0,74.0,13,325.0,31.0,70.0,1020,,,,,,52.0,15,True,2,,,,
64,nix-index,nix-community/nix-index,Quickly locate Nix packages with specific files.,command-line-tools,https://github.com/nix-community/nix-index,https://github.com/nix-community/nix-index,,2017-02-10 15:50:02,2025-03-24 16:30:17,2025-03-24 16:30:17,307,2.0,56.0,8,157.0,66.0,49.0,984,2024-05-22 21:15:06,0.1.8,5.0,28.0,28.0,32.0,15,True,2,,,,
65,flake.parts,hercules-ci/flake-parts,Minimal Nix modules framework for Flakes: split your flakes into modules and get things done with community modules.,development,https://github.com/hercules-ci/flake-parts,https://github.com/hercules-ci/flake-parts,MIT,2021-10-27 09:03:42,2025-05-01 23:36:07,2025-04-01 23:38:40,372,11.0,48.0,21,162.0,49.0,51.0,899,,,,,,18.0,15,True,3,,,,
66,KuberNix,saschagrunert/kubernix,Single-dependency Kubernetes clusters via Nix packages.,deployment-tools,https://github.com/saschagrunert/kubernix,https://github.com/saschagrunert/kubernix,MIT,2019-09-22 16:33:58,2023-01-25 11:05:38,2021-11-16 12:25:22,1036,,26.0,10,1179.0,17.0,8.0,781,2019-11-14 10:07:35,0.2.0,3.0,51.0,51.0,8.0,15,False,2,72.0,1.0,,
67,Arion,hercules-ci/arion,Run `docker-compose` with help from Nix/NixOS.,development,https://github.com/hercules-ci/arion,https://github.com/hercules-ci/arion,Apache-2.0,2018-12-17 16:25:48,2025-04-20 16:35:56,2025-04-20 16:15:25,435,2.0,53.0,14,131.0,93.0,51.0,761,2024-12-11 12:03:22,0.2.2.0,3.0,,,31.0,15,True,3,,,,
68,rnix-lsp,nix-community/rnix-lsp,A syntax-checking language server for Nix.,development,https://github.com/nix-community/rnix-lsp,https://github.com/nix-community/rnix-lsp,MIT,2018-08-19 08:43:21,2024-01-15 11:53:04,2022-11-27 13:18:38,176,,38.0,13,75.0,17.0,21.0,714,,,,36.0,36.0,24.0,15,False,3,,,,
69,statix,oppiliappan/statix,A linter/fixer to check for and fix antipatterns in Nix code.,command-line-tools,https://github.com/oppiliappan/statix,https://github.com/oppiliappan/statix,MIT,2021-10-24 12:42:29,2025-03-04 02:58:13,2025-03-04 02:58:13,152,5.0,24.0,7,33.0,26.0,34.0,648,2023-09-09 11:41:50,0.5.8,6.0,,,16.0,15,True,2,,,,
70,flake-utils-plus,gytis-ivaskevicius/flake-utils-plus,A lightweight Nix library flake for painless NixOS flake configuration.,development,https://github.com/gytis-ivaskevicius/flake-utils-plus,https://github.com/gytis-ivaskevicius/flake-utils-plus,MIT,2021-03-13 13:37:12,2025-02-03 13:57:30,2025-02-03 13:57:20,317,,43.0,6,94.0,4.0,56.0,510,2024-07-02 21:31:57,1.5.1,9.0,,,23.0,15,True,3,,,,
71,nix-pills,NixOS/nix-pills,Guided introduction to Nix fundamentals from basic concepts to advanced use cases.,learning,https://github.com/NixOS/nix-pills,https://github.com/NixOS/nix-pills,CC-BY-SA-4.0,2017-08-14 09:08:14,2025-03-17 05:47:30,2025-03-17 05:47:30,386,8.0,120.0,85,183.0,39.0,38.0,412,,,,,,109.0,15,True,2,,,,
72,terranix,terranix/terranix,Use Nix and the NixOS module system to write your Terraform code.,deployment-tools,https://github.com/terranix/terranix,https://github.com/terranix/terranix,GPL-3.0,2018-12-09 17:51:29,2025-04-27 19:47:52,2025-04-27 19:47:52,435,6.0,43.0,11,77.0,14.0,22.0,349,2024-10-15 02:32:47,2.8.0,15.0,,,27.0,15,True,2,,,,
73,Self Host Blocks,ibizaman/selfhostblocks,Modular server management based on NixOS modules and focused on best practices.,nixos-modules,https://github.com/ibizaman/selfhostblocks,https://github.com/ibizaman/selfhostblocks,AGPL-3.0,2022-12-17 23:39:16,2025-05-12 01:47:43,2025-04-13 19:16:32,701,27.0,7.0,9,361.0,68.0,29.0,278,2025-01-26 21:59:17,0.2.10,10.0,,,6.0,15,True,3,,,,
74,NixOS Configuration Examples,NobbZ/nixos-config,An example of NixOS system configuration with home-manager integration.,learning,https://github.com/NobbZ/nixos-config,https://github.com/NobbZ/nixos-config,MIT,2020-10-28 15:25:22,2025-05-15 02:46:07,2025-05-15 02:46:06,4552,245.0,6.0,3,1201.0,11.0,4.0,257,,,,,,8.0,15,True,2,,,,
75,niv,nmattia/niv,Easy dependency management for Nix projects with package pinning.,development,https://github.com/nmattia/niv,https://github.com/nmattia/niv,MIT,2019-01-17 21:00:18,2025-03-02 23:46:25,2025-03-02 23:46:23,465,1.0,77.0,18,221.0,80.0,113.0,1714,,,,,,38.0,14,True,3,,,,
76,deploy-rs,serokell/deploy-rs,A simple multi-profile Nix-flake deploy tool.,deployment-tools,https://github.com/serokell/deploy-rs,https://github.com/serokell/deploy-rs,,2020-09-28 17:46:15,2025-05-12 02:00:44,2024-09-27 14:26:09,328,,106.0,24,129.0,87.0,104.0,1603,,,,,,37.0,14,True,3,,,,
77,nixos-infect,elitak/nixos-infect,Replace a running non-NixOS Linux host with NixOS.,installation-media,https://github.com/elitak/nixos-infect,https://github.com/elitak/nixos-infect,GPL-3.0,2016-04-18 22:10:28,2024-07-04 02:41:41,2024-03-11 15:41:57,165,,251.0,16,155.0,45.0,34.0,1534,,,,,,86.0,14,False,3,,,,
78,impermanence,nix-community/impermanence,Lets you choose what files and directories you want to keep between reboots.,nixos-modules,https://github.com/nix-community/impermanence,https://github.com/nix-community/impermanence,MIT,2020-06-04 19:42:40,2025-01-25 18:51:23,2025-01-25 18:51:23,179,,102.0,17,109.0,72.0,87.0,1413,,,,,,35.0,14,True,3,,,,
79,naersk,nix-community/naersk,Build Rust packages directly from `Cargo.lock`. No conversion step needed.,programming-languages,https://github.com/nix-community/naersk,https://github.com/nix-community/naersk,MIT,2019-06-13 11:27:21,2025-04-29 11:24:10,2025-04-29 11:24:10,359,7.0,90.0,7,190.0,55.0,111.0,826,,,,,,52.0,14,True,2,,,['rust'],
80,musnix,musnix/musnix,Do real-time audio work in NixOS.,nixos-modules,https://github.com/musnix/musnix,https://github.com/musnix/musnix,BSD-3-Clause,2014-12-22 20:57:55,2025-05-01 01:40:26,2025-03-06 23:27:52,416,5.0,57.0,16,156.0,11.0,54.0,692,,,,,,37.0,14,True,3,,,,
81,nixbsd,nixos-bsd/nixbsd,A NixOS fork with a FreeBSD kernel.,distributions,https://github.com/nixos-bsd/nixbsd,https://github.com/nixos-bsd/nixbsd,MIT,2023-12-24 23:35:29,2025-04-06 00:52:22,2025-03-28 08:58:25,316,37.0,26.0,23,12.0,11.0,18.0,684,,,,,,6.0,14,True,2,,,,
82,robotnix,nix-community/robotnix,A declarative and reproducible build system for Android (AOSP) images.,development,https://github.com/nix-community/robotnix,https://github.com/nix-community/robotnix,,2019-06-20 15:20:44,2025-04-19 07:48:35,2025-04-19 07:48:35,1839,35.0,72.0,13,167.0,54.0,71.0,679,,,,,,27.0,14,True,3,,,,
83,nurl,nix-community/nurl,Generate Nix fetcher calls from repository URLs.,command-line-tools,https://github.com/nix-community/nurl,https://github.com/nix-community/nurl,MPL-2.0,2022-12-30 02:06:33,2024-12-11 15:58:07,2024-09-16 16:53:16,701,,9.0,5,369.0,12.0,6.0,563,2023-07-21 21:21:31,0.3.13,18.0,16.0,16.0,2.0,14,True,3,739.0,25.0,,
84,nixpkgs-mozilla,mozilla/nixpkgs-mozilla,Mozillas overlay with Rust toolchains and Firefox.,programming-languages,https://github.com/mozilla/nixpkgs-mozilla,https://github.com/mozilla/nixpkgs-mozilla,MIT,2016-06-16 22:14:00,2025-04-14 09:54:33,2025-04-14 09:54:33,273,3.0,127.0,15,200.0,50.0,92.0,556,,,,,,65.0,14,True,2,,,['rust'],
85,nixpkgs-update,nix-community/nixpkgs-update,Semi-automatic updating of nixpkgs packages.,development,https://github.com/nix-community/nixpkgs-update,https://github.com/nix-community/nixpkgs-update,CC0-1.0,2017-11-03 02:25:28,2025-05-01 01:28:41,2025-04-28 17:08:48,1069,4.0,80.0,16,194.0,101.0,176.0,496,,,,,,48.0,14,True,3,,,,
86,KubeNix,hall/kubenix,A Kubernetes resource builder using Nix.,deployment-tools,https://github.com/hall/kubenix,https://github.com/hall/kubenix,MIT,2022-08-12 02:40:33,2024-06-26 05:41:48,2024-06-25 11:00:14,407,,29.0,11,36.0,15.0,20.0,351,2024-05-06 23:34:26,0.3.0,3.0,,,21.0,14,True,3,,,,
87,cached-nix-shell,xzfc/cached-nix-shell,A `nix-shell` replacement that uses caching to open subsequent shells quickly.,development,https://github.com/xzfc/cached-nix-shell,https://github.com/xzfc/cached-nix-shell,Unlicense,2019-09-18 14:23:00,2024-11-24 23:00:19,2024-06-23 18:47:25,182,,16.0,8,7.0,7.0,21.0,219,2024-06-23 19:21:14,0.1.6,3.0,8.0,8.0,6.0,14,True,3,,,,
88,clj-nix,jlesquembre/clj-nix,Nix helper functions for Clojure projects.,programming-languages,https://github.com/jlesquembre/clj-nix,https://github.com/jlesquembre/clj-nix,EPL-2.0,2022-04-02 19:16:53,2025-05-12 04:00:28,2025-02-07 23:09:58,244,,22.0,6,94.0,23.0,45.0,161,2024-11-20 01:44:18,0.4.0,1.0,,,15.0,14,True,2,,,,
89,Nix Starter Config,Misterio77/nix-starter-configs,A few simple Nix Flake templates for getting started with NixOS + home-manager.,learning,https://github.com/Misterio77/nix-starter-configs,https://github.com/Misterio77/nix-starter-configs,CC0-1.0,2021-12-16 20:29:26,2024-09-07 01:05:58,2024-09-07 01:05:58,97,,156.0,49,21.0,20.0,50.0,3106,,,,,,10.0,13,True,3,,,,
90,attic,zhaofengli/attic,Multi-tenant Nix Binary Cache.,development,https://github.com/zhaofengli/attic,https://github.com/zhaofengli/attic,,2022-12-31 23:43:41,2025-05-13 14:19:48,2025-02-02 19:30:06,363,,103.0,13,90.0,102.0,52.0,1336,,,,,,27.0,13,True,3,,,,
91,System Manager,numtide/system-manager,A non-NixOS Linux system configuration tool built on Nix.,overlays,https://github.com/numtide/system-manager,https://github.com/numtide/system-manager,MIT,2023-03-22 16:38:41,2025-05-12 03:55:46,2025-04-08 19:12:08,633,25.0,28.0,18,176.0,35.0,20.0,992,,,,,,19.0,13,True,3,,,,
92,nixos-shell,Mic92/nixos-shell,Simple headless VM configuration using Nix (similar to Vagrant).,virtualisation,https://github.com/Mic92/nixos-shell,https://github.com/Mic92/nixos-shell,MIT,2018-04-03 21:46:23,2024-11-27 17:08:27,2024-11-27 17:08:26,135,,37.0,19,38.0,9.0,43.0,739,2024-08-14 06:20:05,2.0.0,5.0,,,19.0,13,True,3,,,,
93,nix-topology,oddlama/nix-topology,Generate infrastructure and network diagrams directly from your NixOS configuration.,nixos-modules,https://github.com/oddlama/nix-topology,https://github.com/oddlama/nix-topology,MIT,2024-04-03 20:05:49,2025-04-08 19:57:44,2025-04-08 19:57:44,208,7.0,32.0,12,58.0,9.0,13.0,711,,,,,,21.0,13,True,3,,,,
94,nix-alien,thiagokokada/nix-alien,Run unpatched binaries on Nix/NixOS easily.,command-line-tools,https://github.com/thiagokokada/nix-alien,https://github.com/thiagokokada/nix-alien,MIT,2021-10-27 00:26:44,2025-05-15 07:23:44,2025-05-15 07:23:42,399,10.0,10.0,4,97.0,2.0,34.0,630,,,,,,9.0,13,True,3,,,,1.0
95,compose2nix,aksiksi/compose2nix,Generate a NixOS config from a Docker Compose project.,development,https://github.com/aksiksi/compose2nix,https://github.com/aksiksi/compose2nix,MIT,2023-11-01 01:22:49,2025-03-16 05:48:11,2025-03-04 03:38:02,240,2.0,8.0,6,40.0,10.0,33.0,566,2024-10-14 02:50:13,0.3.1,18.0,,,4.0,13,True,3,,,,
96,nixpkgs-hammering,jtojnar/nixpkgs-hammering,An opinionated linter for Nixpkgs package expressions.,command-line-tools,https://github.com/jtojnar/nixpkgs-hammering,https://github.com/jtojnar/nixpkgs-hammering,MIT,2020-04-26 04:27:10,2025-05-12 18:55:36,2025-04-14 22:55:05,216,27.0,17.0,6,77.0,48.0,37.0,283,,,,,,13.0,13,True,3,,,,
97,nix-mineral,cynicsketch/nix-mineral,Conveniently and reasonably harden NixOS.,nixos-modules,https://github.com/cynicsketch/nix-mineral,https://github.com/cynicsketch/nix-mineral,MIT,2024-05-10 21:02:28,2025-05-13 21:15:44,2025-05-13 21:15:44,164,17.0,13.0,3,23.0,29.0,14.0,262,,,7.0,,,6.0,13,True,3,,,,
98,Easy PureScript Nix,justinwoo/easy-purescript-nix,A project to easily use PureScript and other tools with Nix.,programming-languages,https://github.com/justinwoo/easy-purescript-nix,https://github.com/justinwoo/easy-purescript-nix,MIT,2018-10-21 15:16:08,2024-03-11 12:52:49,2024-03-11 12:52:49,456,,54.0,8,195.0,7.0,32.0,199,,,,,,31.0,13,False,2,,,,
99,nixidy,arnarg/nixidy,Kubernetes GitOps with Nix and Argo CD.,devops,https://github.com/arnarg/nixidy,https://github.com/arnarg/nixidy,MIT,2023-12-11 11:40:00,2025-05-13 08:01:33,2025-05-13 07:55:28,125,7.0,6.0,5,10.0,3.0,18.0,151,2025-02-28 13:12:41,0.10.0,11.0,2.0,2.0,3.0,13,True,3,,,,
100,nix-phps,fossar/nix-phps,Flake containing old and unmaintained PHP versions (intended for CI use).,programming-languages,https://github.com/fossar/nix-phps,https://github.com/fossar/nix-phps,MIT,2021-01-09 21:40:06,2025-05-12 03:09:56,2025-05-12 03:09:55,425,28.0,21.0,3,400.0,5.0,25.0,73,,,,,,17.0,13,True,2,,,['php'],
101,nix-tree,utdemir/nix-tree,Interactively browse the dependency graph of Nix derivations.,command-line-tools,https://github.com/utdemir/nix-tree,https://github.com/utdemir/nix-tree,BSD-3-Clause,2020-06-24 22:41:51,2025-05-01 00:35:02,2025-05-01 00:35:01,227,6.0,16.0,6,68.0,15.0,36.0,849,,,,,,12.0,12,True,3,,,,
102,deadnix,astro/deadnix,Scan Nix files for dead code.,command-line-tools,https://github.com/astro/deadnix,https://github.com/astro/deadnix,GPL-3.0,2021-12-05 23:06:43,2025-05-11 01:36:58,2025-03-09 15:43:01,277,6.0,18.0,3,77.0,3.0,21.0,583,,,,7.0,7.0,18.0,12,True,3,,,,
103,Standard,divnix/std,"An opinionated Nix Flakes framework to keep Nix code in large projects organized, accompanied by a friendly CLI/TUI..",devops,https://github.com/divnix/std,https://github.com/divnix/std,,2021-11-14 10:56:16,2025-05-13 10:54:44,2025-05-13 10:45:34,810,5.0,48.0,16,238.0,34.0,126.0,439,,,,,,42.0,12,True,3,,,,
104,flakelight,nix-community/flakelight,A modular flake framework aiming to minimize boilerplate.,development,https://github.com/nix-community/flakelight,https://github.com/nix-community/flakelight,MIT,2023-04-09 00:56:54,2025-05-12 12:49:55,2025-05-12 12:49:32,250,14.0,7.0,6,7.0,3.0,20.0,289,,,,,,5.0,12,True,3,,,,
105,Nix Templates,jonringer/nix-template,Collection of Nix templates for different types of projects.,learning,https://github.com/jonringer/nix-template,https://github.com/jonringer/nix-template,CC0-1.0,2020-07-17 00:41:15,2024-11-20 19:15:33,2024-11-20 19:15:29,149,,8.0,8,22.0,9.0,26.0,213,2022-12-17 17:56:21,0.4.1,9.0,,,6.0,12,True,3,,,,
106,Bundix,nix-community/bundix,Generates a Nix expression for your Bundler-managed application.,programming-languages,https://github.com/nix-community/bundix,https://github.com/nix-community/bundix,,2016-01-24 20:36:56,2024-07-01 18:19:19,2023-11-08 07:54:39,118,,54.0,4,56.0,37.0,27.0,171,2021-04-01 08:26:58,2.5.1,5.0,3.0,3.0,18.0,12,False,2,,,['ruby'],
107,nix-shell,loophp/nix-shell,Nix shells for PHP development.,programming-languages,https://github.com/loophp/nix-shell,https://github.com/loophp/nix-shell,MIT,2021-06-20 06:59:35,2025-05-12 01:04:57,2025-05-12 01:04:55,632,30.0,13.0,5,262.0,3.0,12.0,167,,,,,,8.0,12,True,2,,,['php'],
108,NÃ¼schtOS Search,NuschtOS/search,Simple and fast static-page NixOS option search.,discovery,https://github.com/NuschtOS/search,https://github.com/NuschtOS/search,MIT,2024-06-23 20:04:47,2025-04-19 07:01:17,2025-04-19 07:01:15,203,17.0,4.0,4,179.0,15.0,25.0,100,,,,,,8.0,12,True,1,,,,
109,zon2nix,nix-community/zon2nix,Convert the dependencies in `build.zig.zon` to a Nix expression.,programming-languages,https://github.com/nix-community/zon2nix,https://github.com/nix-community/zon2nix,MPL-2.0,2023-08-08 19:18:56,2025-04-24 12:54:05,2025-03-20 22:10:34,80,40.0,13.0,4,33.0,4.0,7.0,93,2023-09-03 23:31:23,0.1.2,3.0,,,7.0,12,True,2,,,,
110,nixpkgs-firefox-darwin,bandithedoge/nixpkgs-firefox-darwin,Automatically updated Firefox binary packages for macOS.,overlays,https://github.com/bandithedoge/nixpkgs-firefox-darwin,https://github.com/bandithedoge/nixpkgs-firefox-darwin,MIT,2021-12-12 17:28:12,2025-05-15 01:02:28,2025-05-15 01:02:27,780,91.0,8.0,3,11.0,3.0,6.0,66,,,,,,10.0,12,True,3,,,,
111,lean4-nix,lenianiva/lean4-nix,"Nix flake build for Lean 4, and `lake2nix`.",programming-languages,https://github.com/lenianiva/lean4-nix,https://github.com/lenianiva/lean4-nix,Apache-2.0,2024-10-11 05:39:31,2025-05-11 22:13:30,2025-05-02 15:07:53,115,22.0,8.0,3,34.0,6.0,12.0,42,2024-12-10 06:09:58,0.2,2.0,,,4.0,12,True,2,,,,
112,not-os,cleverca22/not-os,"An operating system generator that outputs a small, read-only squashfs for a runit-based OS.",distributions,https://github.com/cleverca22/not-os,https://github.com/cleverca22/not-os,MIT,2016-06-03 05:40:23,2025-01-12 16:03:40,2025-01-12 16:03:38,98,,38.0,36,24.0,6.0,4.0,881,,,,,,5.0,11,True,3,,,,
113,nix-du,symphorien/nix-du,Visualise which gc-roots to delete to free some space in your Nix store.,command-line-tools,https://github.com/symphorien/nix-du,https://github.com/symphorien/nix-du,LGPL-3.0,2018-01-15 21:42:01,2025-05-12 18:23:16,2025-05-12 12:00:00,300,12.0,6.0,6,11.0,3.0,15.0,426,,,,,,3.0,11,True,3,,,,
114,terraform-nixos,nix-community/terraform-nixos,A set of Terraform modules designed to deploy NixOS.,deployment-tools,https://github.com/nix-community/terraform-nixos,https://github.com/nix-community/terraform-nixos,Apache-2.0,2018-12-05 17:07:26,2024-08-04 10:19:37,2021-08-26 20:33:37,76,,59.0,36,54.0,23.0,10.0,360,,,,,,16.0,11,False,3,,,,
115,haumea,nix-community/haumea,"Filesystem-based module system for the Nix language similar to traditional programming languages, with support for..",development,https://github.com/nix-community/haumea,https://github.com/nix-community/haumea,MPL-2.0,2023-04-01 00:50:18,2024-06-05 05:11:22,2024-02-19 20:38:18,93,,7.0,5,37.0,10.0,4.0,337,2023-05-26 20:34:06,0.2.2,5.0,,,4.0,11,False,3,,,,
116,nix-melt,nix-community/nix-melt,A ranger-like flake.,command-line-tools,https://github.com/nix-community/nix-melt,https://github.com/nix-community/nix-melt,MPL-2.0,2023-04-25 22:20:20,2024-12-13 23:10:06,2024-09-16 15:27:16,347,,2.0,3,221.0,2.0,3.0,262,2024-09-16 15:29:34,0.1.3,4.0,1.0,1.0,3.0,11,True,3,277.0,11.0,,
117,base16.nix,SenchoPens/base16.nix,"Flake way to theme programs in base16 colorschemes, mustache template support included.",nixos-modules,https://github.com/SenchoPens/base16.nix,https://github.com/SenchoPens/base16.nix,MIT,2021-05-06 15:19:06,2025-05-06 20:21:28,2025-05-06 20:21:28,67,4.0,10.0,2,8.0,2.0,14.0,232,2024-02-27 10:09:57,2.2.1,7.0,,,7.0,11,True,3,,,,
118,extra-container,erikarvstedt/extra-container,Run declarative NixOS containers from the command line.,virtualisation,https://github.com/erikarvstedt/extra-container,https://github.com/erikarvstedt/extra-container,MIT,2018-07-14 13:32:14,2024-12-18 17:17:57,2024-12-18 17:17:55,151,,18.0,11,7.0,2.0,28.0,231,,,,,,3.0,11,True,3,,,,
119,ruby-nix,inscapist/ruby-nix,Generates reproducible ruby/bundler app environment with Nix.,programming-languages,https://github.com/inscapist/ruby-nix,https://github.com/inscapist/ruby-nix,MIT,2022-12-20 08:37:50,2025-04-14 09:34:37,2025-04-14 09:34:37,143,3.0,7.0,7,43.0,3.0,16.0,132,2024-09-07 03:26:11,0.2.2,8.0,,,6.0,11,True,3,,,['ruby'],
120,opam2nix,timbertson/opam2nix,Generate Nix expressions from opam packages.,programming-languages,https://github.com/timbertson/opam2nix,https://github.com/timbertson/opam2nix,MIT,2015-08-06 10:42:08,2025-01-29 21:52:55,2025-01-29 05:58:48,370,,27.0,12,29.0,17.0,45.0,93,,,,,,11.0,11,True,3,,,,
121,composer2nix,svanderburg/composer2nix,Generate Nix expressions to build composer packages.,programming-languages,https://github.com/svanderburg/composer2nix,https://github.com/svanderburg/composer2nix,MIT,2017-07-07 20:51:06,2022-08-18 10:35:27,2022-03-01 23:41:50,64,,26.0,3,19.0,10.0,11.0,92,2022-03-05 11:16:43,0.0.6,6.0,,,7.0,11,False,3,,,,
122,purs-nix,purs-nix/purs-nix,CLI and library combo designed for managing PureScript projects using Nix.,programming-languages,https://github.com/purs-nix/purs-nix,https://github.com/purs-nix/purs-nix,MIT,2021-02-25 04:10:19,2025-05-09 21:12:06,2025-05-08 17:27:14,589,4.0,27.0,2,21.0,7.0,30.0,76,,,,,,7.0,11,True,3,,,,
123,nixos-in-production,Gabriella439/nixos-in-production,"Source files for the book NixOS in Production, a practical guide for using NixOS in professional environments.",learning,https://github.com/Gabriella439/nixos-in-production,https://github.com/Gabriella439/nixos-in-production,,2022-09-09 01:41:56,2024-10-06 12:50:20,2024-10-06 12:49:49,127,,24.0,31,5.0,7.0,20.0,594,2024-09-23 06:00:28,0.10,10.0,,,6.0,10,True,3,,,,
124,manix,mlvzk/manix,"Find configuration options and function documentation for Nixpkgs, NixOS, and Home Manager.",command-line-tools,https://github.com/mlvzk/manix,https://github.com/mlvzk/manix,MPL-2.0,2020-08-15 17:14:06,2024-01-28 15:07:18,2021-04-19 23:47:08,82,,14.0,15,17.0,10.0,7.0,389,2021-04-19 23:51:39,0.6.3,4.0,,,3.0,10,False,3,123.0,2.0,,
125,Nix Package Versions,lazamar/nix-package-versions,Find all versions of a package that were available in a channel and the revision you can download it from.,discovery,https://github.com/lazamar/nix-package-versions,https://github.com/lazamar/nix-package-versions,,2020-02-11 23:23:47,2025-01-23 23:25:07,2025-01-23 23:25:03,313,,30.0,8,18.0,10.0,27.0,355,,,,,,11.0,10,True,2,,,,
126,Nixinate,MatthewCroughan/nixinate,A Nix flake library to provide app outputs for managing existing NixOS hosts over SSH.,deployment-tools,https://github.com/MatthewCroughan/nixinate,https://github.com/MatthewCroughan/nixinate,MIT,2022-01-03 09:39:11,2025-03-23 13:46:49,2025-03-23 13:46:47,59,1.0,33.0,11,27.0,14.0,15.0,263,,,,,,7.0,10,True,3,,,,
127,lf-doc,lf-/nix-doc,An interactive Nix documentation tool providing CLI for function search.,command-line-tools,https://github.com/lf-/nix-doc,https://github.com/lf-/nix-doc,,2020-07-16 08:49:20,2024-05-15 22:15:48,2024-05-15 22:15:48,80,,6.0,6,4.0,8.0,17.0,216,2021-07-09 03:37:24,0.5.1,2.0,5.0,5.0,3.0,10,True,3,,,,
128,npmlock2nix,nix-community/npmlock2nix,"Generate Nix expressions from a `package-lock.json` (in-memory), primarily for web projects.",programming-languages,https://github.com/nix-community/npmlock2nix,https://github.com/nix-community/npmlock2nix,Apache-2.0,2020-07-22 14:21:40,2024-01-20 21:45:48,2023-01-11 14:30:13,286,,36.0,4,137.0,37.0,19.0,135,,,,,,15.0,10,False,3,,,,
129,namaka,nix-community/namaka,Snapshot testing for Nix based on haumea.,development,https://github.com/nix-community/namaka,https://github.com/nix-community/namaka,MPL-2.0,2023-04-09 02:24:14,2025-02-12 16:53:55,2024-11-17 00:47:29,359,,3.0,4,201.0,2.0,1.0,123,2024-11-17 00:47:49,0.2.1,4.0,1.0,1.0,3.0,10,True,3,,,,
130,MCP-NixOS,utensils/mcp-nixos,"An MCP server that provides AI assistants with accurate information about NixOS packages, options, Home Manager, and..",development,https://github.com/utensils/mcp-nixos,https://github.com/utensils/mcp-nixos,MIT,2025-03-20 05:05:00,2025-04-25 16:38:03,2025-04-25 16:37:55,307,307.0,5.0,4,17.0,2.0,2.0,91,,,,,,2.0,10,True,3,,,,
131,nixos-avf,nix-community/nixos-avf,NixOS for Android Terminal (Android Virtualization Framework).,distributions,https://github.com/nix-community/nixos-avf,https://github.com/nix-community/nixos-avf,GPL-3.0,2025-03-24 22:04:05,2025-05-10 13:59:02,2025-05-10 13:58:59,87,87.0,1.0,3,2.0,4.0,5.0,86,2025-03-26 16:56:00,nixos-25.05,3.0,,,,10,True,3,21.0,10.0,,
132,nijs,svanderburg/nijs,NiJS: An internal DSL for Nix in JavaScript.,programming-languages,https://github.com/svanderburg/nijs,https://github.com/svanderburg/nijs,MIT,2013-01-25 20:44:29,2022-05-01 15:31:03,2022-05-01 15:30:50,170,,4.0,7,,6.0,,57,,,,29.0,29.0,2.0,10,False,3,,,,
133,Nix Software Center,snowfallorg/nix-software-center,Install and manage Nix packages.,nixos-configuration-editors,https://github.com/snowfallorg/nix-software-center,https://github.com/snowfallorg/nix-software-center,GPL-3.0,2022-08-26 18:58:22,2024-11-02 03:21:56,2024-11-02 03:21:56,95,,24.0,10,14.0,58.0,17.0,678,,,,,,9.0,9,True,1,,,,
134,NixOS Configuration Editor,snowfallorg/nixos-conf-editor,Graphical editor for NixOS configuration.,nixos-configuration-editors,https://github.com/snowfallorg/nixos-conf-editor,https://github.com/snowfallorg/nixos-conf-editor,GPL-3.0,2022-05-31 20:25:42,2024-02-07 20:33:54,2024-02-07 20:33:30,70,,15.0,9,7.0,16.0,6.0,553,,,3.0,,,5.0,9,False,1,,,,
135,Snowfall Lib,snowfallorg/lib,A library that makes it easy to manage your Nix flake by imposing an opinionated file structure.,development,https://github.com/snowfallorg/lib,https://github.com/snowfallorg/lib,,2022-09-08 00:07:34,2025-01-06 02:28:15,2025-01-06 02:28:15,93,,45.0,12,34.0,36.0,108.0,509,,,,,,12.0,9,True,3,,,,
136,nix-diff,Gabriella439/nix-diff,A tool to explain why two Nix derivations differ.,command-line-tools,https://github.com/Gabriella439/nix-diff,https://github.com/Gabriella439/nix-diff,BSD-3-Clause,2017-09-30 19:02:53,2024-12-20 07:48:10,2024-12-20 07:48:09,120,,19.0,11,69.0,11.0,20.0,397,,,,,,16.0,9,True,3,,,,
137,Home Manager Option Search,mipmip/home-manager-option-search,Search through all 2000+ Home Manager options and read how to use them.,discovery,https://github.com/mipmip/home-manager-option-search,https://github.com/mipmip/home-manager-option-search,Apache-2.0,2022-01-04 22:27:08,2025-05-15 04:35:07,2025-03-13 20:33:20,144,1.0,16.0,1,20.0,10.0,20.0,315,2023-12-12 22:53:06,1.4,4.0,,,14.0,9,True,3,,,,
138,bento,rapenne-s/bento,A KISS deployment tool to keep your NixOS fleet (servers & workstations) up to date.,deployment-tools,https://github.com/rapenne-s/bento,https://github.com/rapenne-s/bento,MIT,2022-09-08 20:16:38,2024-12-29 17:24:56,2024-12-29 17:24:56,157,,11.0,8,9.0,3.0,2.0,267,,,,,,6.0,9,True,3,,,,
139,gitignore.nix,hercules-ci/gitignore.nix,The most feature-complete and easy-to-use `.gitignore` integration.,development,https://github.com/hercules-ci/gitignore.nix,https://github.com/hercules-ci/gitignore.nix,Unlicense,2019-05-12 11:51:55,2024-02-28 02:28:52,2024-02-28 02:28:52,101,,19.0,10,34.0,24.0,12.0,258,,,,,,12.0,9,False,3,,,,
140,dwarffs,edolstra/dwarffs,A FUSE filesystem that allows tools like gdb to look up debug info files via HTTP.,command-line-tools,https://github.com/edolstra/dwarffs,https://github.com/edolstra/dwarffs,GPL-3.0,2017-07-06 16:43:44,2024-12-02 13:32:34,2024-12-02 13:32:34,85,,24.0,12,16.0,4.0,9.0,206,,,,,,8.0,9,True,3,,,,
141,elm2nix,cachix/elm2nix,Convert `elm.json` into Nix expressions.,programming-languages,https://github.com/cachix/elm2nix,https://github.com/cachix/elm2nix,BSD-3-Clause,2017-12-14 14:31:58,2025-04-30 18:32:22,2025-04-30 18:32:20,118,3.0,17.0,8,34.0,4.0,17.0,113,,,,,,14.0,9,True,3,,,,
142,nix-search-tv,3timeslazy/nix-search-tv,"CLI fuzzy finder for packages and options from Nixpkgs, Home Manager, and more.",discovery,https://github.com/3timeslazy/nix-search-tv,https://github.com/3timeslazy/nix-search-tv,GPL-3.0,2025-01-29 09:30:56,2025-05-06 18:25:32,2025-04-18 11:09:29,107,46.0,,1,,2.0,1.0,77,2025-04-17 20:50:24,2.1.6,9.0,,,,9,True,3,,,,
143,rust-nix-templater,yusdacra/rust-nix-templater,Generates Nix build and development files for Rust projects.,programming-languages,https://github.com/yusdacra/rust-nix-templater,https://github.com/yusdacra/rust-nix-templater,MIT,2021-01-04 15:40:01,2023-03-14 02:45:44,2023-03-14 02:45:44,178,,,3,3.0,4.0,15.0,49,2022-11-03 23:57:26,0.4.0,9.0,,,2.0,9,False,3,,,['rust'],
144,nix-1p,tazjin/nix-1p,"A (more or less) one page introduction to Nix, the language.",learning,https://github.com/tazjin/nix-1p,https://github.com/tazjin/nix-1p,,2019-08-01 21:49:02,2024-04-16 17:20:17,2024-04-16 17:10:16,24,,24.0,18,9.0,7.0,8.0,951,,,,,,5.0,8,False,3,,,,
145,NixNG,nix-community/NixNG,"A GNU/Linux distribution similar to NixOS, defining difference is a focus on containers and lightweightness.",distributions,https://github.com/nix-community/NixNG,https://github.com/nix-community/NixNG,,2021-06-21 05:05:39,2025-05-04 15:07:54,2025-05-04 15:07:54,329,1.0,19.0,15,40.0,18.0,5.0,365,,,,,,9.0,8,True,3,,,,
146,nixos-up,samuela/nixos-up,Super easy NixOS installer that can be used from the installation ISO.,installation-media,https://github.com/samuela/nixos-up,https://github.com/samuela/nixos-up,,2021-04-07 04:49:37,2025-04-19 03:42:19,2025-04-19 03:42:19,26,2.0,29.0,4,7.0,6.0,11.0,244,,,,,,6.0,8,True,3,,,,
147,drv-parts,DavHau/drv-parts,Composable derivations for Nix with a focus on simplicity.,command-line-tools,https://github.com/DavHau/drv-parts,https://github.com/DavHau/drv-parts,MIT,2022-11-30 11:48:09,2023-08-01 09:19:46,2023-08-01 09:19:42,125,,6.0,8,14.0,8.0,2.0,159,,,,,,6.0,8,False,3,,,,
148,nix-prefetch,msteen/nix-prefetch,A universal tool for updating source checksums.,command-line-tools,https://github.com/msteen/nix-prefetch,https://github.com/msteen/nix-prefetch,MIT,2019-01-21 22:53:01,2023-03-06 20:09:09,2021-07-24 08:47:28,61,,10.0,5,24.0,18.0,12.0,132,,,,,,6.0,8,False,3,,,,
149,Napalm,nix-community/napalm,Support for building npm packages in Nix with a lightweight npm registry.,programming-languages,https://github.com/nix-community/napalm,https://github.com/nix-community/napalm,MIT,2019-04-20 11:19:05,2024-06-09 10:37:55,2024-06-09 10:37:35,147,,17.0,8,46.0,13.0,10.0,111,,,,,,18.0,8,True,3,,,,
150,templates,nix-community/templates,Project templates for many languages using Nix flakes.,development,https://github.com/nix-community/templates,https://github.com/nix-community/templates,MIT,2022-02-01 19:26:15,2024-12-22 19:58:34,2024-12-22 19:58:34,64,,10.0,5,8.0,,4.0,85,,,,,,7.0,8,True,3,,,,
151,sbt-derivation,zaninime/sbt-derivation,"mkDerivation for sbt, similar to buildGoModule.",programming-languages,https://github.com/zaninime/sbt-derivation,https://github.com/zaninime/sbt-derivation,MIT,2019-11-27 13:48:41,2023-10-28 03:34:51,2023-10-28 03:34:50,34,,11.0,5,6.0,4.0,13.0,72,,,,,,5.0,8,False,3,,,,
152,nix-articles,samdroid-apps/nix-articles,Some articles about getting started with Nix programming & configuration.,learning,https://github.com/samdroid-apps/nix-articles,https://github.com/samdroid-apps/nix-articles,,2018-01-28 10:42:50,2024-11-10 11:25:50,2024-11-10 11:25:49,15,,9.0,22,2.0,1.0,,168,,,,,,3.0,7,True,3,,,,
153,jordanisaacs/kernel-module-flake,jordanisaacs/kernel-module-flake,Nix flake for linux kernel module development with rust support.,development,https://github.com/jordanisaacs/kernel-module-flake,https://github.com/jordanisaacs/kernel-module-flake,MIT,2022-11-11 23:03:41,2024-04-20 12:42:37,2023-02-04 16:15:45,33,,12.0,3,3.0,2.0,4.0,144,,,,,,2.0,7,False,3,,,,
154,nixkell,pwm/nixkell,A Haskell project template using Nix and direnv.,programming-languages,https://github.com/pwm/nixkell,https://github.com/pwm/nixkell,MIT,2021-02-09 15:06:18,2024-11-10 18:39:54,2024-11-10 18:39:49,86,,10.0,4,43.0,,6.0,110,,,,,,2.0,7,True,3,,,['haskell'],
155,nix-health,juspay/nix-health,A program to check the health of your Nix install.,development,https://github.com/juspay/nix-health,https://github.com/juspay/nix-health,,2024-04-04 07:07:32,2025-04-08 02:15:48,2024-07-12 15:27:48,81,,2.0,8,14.0,6.0,8.0,38,2024-07-10 21:25:22,0.4.0,1.0,,,4.0,7,True,3,,,,
156,crystal2nix,nix-community/crystal2nix,Convert `shard.lock` into Nix expressions.,programming-languages,https://github.com/nix-community/crystal2nix,https://github.com/nix-community/crystal2nix,MIT,2020-12-22 04:10:33,2024-07-04 18:37:13,2024-07-04 18:37:07,20,,4.0,2,17.0,3.0,4.0,17,2022-04-09 08:47:19,0.3.0,2.0,,,3.0,7,True,3,,,,
157,nix-dart,tadfisher/nix-dart,Nix builder for Dart packages.,programming-languages,https://github.com/tadfisher/nix-dart,https://github.com/tadfisher/nix-dart,Apache-2.0,2021-01-23 00:01:53,2023-03-21 11:48:36,2022-05-10 20:13:35,310,,3.0,2,3.0,7.0,,14,,,,,,,7,False,3,,,,
158,kebab,bwkam/kebab,Haxe packages for Nix.,programming-languages,https://github.com/bwkam/kebab,https://github.com/bwkam/kebab,MIT,2024-06-12 19:38:23,2025-05-15 05:26:16,2025-05-15 05:26:16,244,72.0,,1,225.0,,,2,,,,,,2.0,7,True,3,,,,
159,NixOS Guide,mikeroyal/NixOS-Guide,NixOS Guide. Learn all about the immutable Nix Operating System and the declarative Nix Expression Language.,learning,https://github.com/mikeroyal/NixOS-Guide,https://github.com/mikeroyal/NixOS-Guide,,2021-08-08 20:26:13,2024-08-17 22:40:31,2024-01-04 22:53:05,72,,28.0,18,31.0,1.0,1.0,941,,,,,,2.0,6,False,3,,,,
160,nixseparatedebuginfod,symphorien/nixseparatedebuginfod,Downloads and provides debug symbols and source code for nix derivations to debuggers as needed.,development,https://github.com/symphorien/nixseparatedebuginfod,https://github.com/symphorien/nixseparatedebuginfod,,2023-01-22 16:41:10,2024-07-20 17:08:27,2024-07-20 17:06:37,118,,5.0,6,12.0,1.0,6.0,93,,,,,,7.0,6,True,3,,,,
161,nix-installer-scripts,dnkmmr69420/nix-installer-scripts,Runs the official installer but does some tweaking as well such as adding fcontext for selinux and installing nix..,installation-media,https://github.com/dnkmmr69420/nix-installer-scripts,https://github.com/dnkmmr69420/nix-installer-scripts,,2023-04-16 16:55:33,2023-11-01 13:35:06,2023-11-01 13:35:06,323,,8.0,2,3.0,,7.0,91,2023-05-20 15:53:59,nix-x86_64-1.01,4.0,,,3.0,6,False,3,50.0,2.0,,
162,awesome-nix-hpc,freuk/awesome-nix-hpc,High Performance Computing package sets.,overlays,https://github.com/freuk/awesome-nix-hpc,https://github.com/freuk/awesome-nix-hpc,,2018-07-25 23:10:36,2025-04-22 19:45:10,2025-04-22 19:45:10,24,2.0,4.0,7,2.0,,4.0,84,,,,,,4.0,6,True,3,,,,
163,nixduino,boredom101/nixduino,Nix-based tool to help build Arduino sketches.,programming-languages,https://github.com/boredom101/nixduino,https://github.com/boredom101/nixduino,MIT,2021-03-22 09:44:25,2022-05-16 05:41:24,2022-05-16 05:41:24,37,,,6,2.0,2.0,3.0,47,,,,,,2.0,6,False,3,,,,
164,fast-flake-update,Mic92/fast-flake-update,Update flake.lock with the latest commit of a local checkout.,command-line-tools,https://github.com/Mic92/fast-flake-update,https://github.com/Mic92/fast-flake-update,,2023-05-20 19:04:55,2025-05-15 00:56:49,2025-04-17 00:56:38,186,19.0,2.0,2,146.0,,1.0,34,,,,,,7.0,6,True,3,,,,
165,reupnix,tuhhosg/reupnix,Reconfigurable and Updateable Embedded Systems.,distributions,https://github.com/tuhhosg/reupnix,https://github.com/tuhhosg/reupnix,MIT,2023-05-11 11:06:35,2024-02-02 01:12:27,2024-02-02 01:11:52,16,,2.0,4,,1.0,,29,2023-05-12 12:05:03,lctes23-crv,1.0,,,,6,False,3,,,,
166,nix-gleam,arnarg/nix-gleam,Generic Nix builder for Gleam applications.,programming-languages,https://github.com/arnarg/nix-gleam,https://github.com/arnarg/nix-gleam,MIT,2023-04-14 10:10:23,2024-06-06 10:47:48,2024-06-06 10:47:45,6,,2.0,4,,,,27,,,,,,,6,True,3,,,,
167,Nix Shorts,alper/nix-shorts,"A collection of short notes about how to use Nix, updated for Nix Flakes.",learning,https://github.com/alper/nix-shorts,https://github.com/alper/nix-shorts,CC-BY-SA-4.0,2023-05-14 08:12:36,2024-01-25 02:07:22,2023-06-30 18:10:59,82,,,2,1.0,,,22,,,,,,6.0,6,False,3,,,,
168,Nix Notes,noteed/nix-notes,"A collection of short notes about Nix, each contributing to the same virtual machine image.",learning,https://github.com/noteed/nix-notes,https://github.com/noteed/nix-notes,,2019-12-07 12:43:03,2022-12-10 13:38:00,2020-08-09 16:26:08,19,,3.0,4,,,,59,,,,,,,5,False,3,,,,
169,nix-haskell-mode,matthewbauer/nix-haskell-mode,Automatic Haskell setup in Emacs.,programming-languages,https://github.com/matthewbauer/nix-haskell-mode,https://github.com/matthewbauer/nix-haskell-mode,GPL-3.0,2019-03-29 18:22:31,2019-06-15 01:35:43,2019-06-15 01:35:28,32,,2.0,2,1.0,2.0,,28,,,,,,,5,False,3,,,['haskell'],
170,composer-plugin-nixify,stephank/composer-plugin-nixify,Composer plugin to help with Nix packaging.,programming-languages,https://github.com/stephank/composer-plugin-nixify,https://github.com/stephank/composer-plugin-nixify,BSD-2-Clause,2020-09-27 09:24:25,2022-05-20 20:06:43,2021-09-05 14:46:45,15,,2.0,2,3.0,,,18,2021-09-05 14:52:13,1.1.0,7.0,,,2.0,5,False,3,,,,
171,haxix,MadMcCrow/haxix,Nix flake to build haxe/Heaps.,programming-languages,https://github.com/MadMcCrow/haxix,https://github.com/MadMcCrow/haxix,MIT,2023-09-20 17:05:53,2024-09-02 19:05:57,2024-09-02 19:05:36,29,,3.0,1,8.0,,,3,,,,,,2.0,5,True,3,,,,
172,composition-c4,fossar/composition-c4,Support for building composer packages from a `composer.lock` (using IFD).,programming-languages,https://github.com/fossar/composition-c4,https://github.com/fossar/composition-c4,MIT,2021-05-31 01:00:50,2023-05-22 12:14:59,2023-05-19 21:51:55,29,,,1,6.0,1.0,,11,,,,,,2.0,4,False,3,,,,
173,pushnix,arnarg/pushnix,Simple cli utility that pushes NixOS configuration and triggers a rebuild using ssh.,deployment-tools,https://github.com/arnarg/pushnix,https://github.com/arnarg/pushnix,,2020-07-15 18:53:59,2020-12-30 17:36:49,2020-12-30 17:16:00,7,,2.0,5,2.0,,2.0,34,,,,,,2.0,2,False,3,,,,
